{
    "Trained on Dataset": "st_olavs_refined",
    "Dataset Size": 114,
    "AMD Ratio": 0.8947368421052632,
    "True Positives": 102.0,
    "False Positives": 3.0,
    "True Negatives": 9.0,
    "False Negatives": 0.0,
    "Validation Accuracy": 0.9736842105263158,
    "Validation Loss": 0.09551976856432463,
    "Precision": 0.9714285714285714,
    "Recall": 1.0,
    "AUC": 0.9967320261437909
}