{
    "Trained on Dataset": "duke_refined",
    "Dataset Size": 72,
    "AMD Ratio": 0.6666666666666666,
    "True Positives": 42.0,
    "False Positives": 0.0,
    "True Negatives": 24.0,
    "False Negatives": 6.0,
    "Validation Accuracy": 0.9166666666666666,
    "Validation Loss": 0.17814959420098198,
    "Precision": 1.0,
    "Recall": 0.875,
    "AUC": 0.9947916666666666
}