{
    "Trained on Dataset": "duke_refined",
    "Dataset Size": 72,
    "AMD Ratio": 0.6666666666666666,
    "True Positives": 51.0,
    "False Positives": 1.0,
    "True Negatives": 20.0,
    "False Negatives": 0.0,
    "Validation Accuracy": 0.9861111111111112,
    "Validation Loss": 0.034371366103490196,
    "Precision": 0.9807692307692307,
    "Recall": 1.0,
    "AUC": 0.9990662931839401
}