{
    "Dataset Size": 72,
    "AMD Ratio": 0.6666666666666666,
    "True Positives": 47.0,
    "False Positives": 2.0,
    "True Negatives": 22.0,
    "False Negatives": 1.0,
    "Validation Accuracy": 0.9583333333333334,
    "Validation Loss": 0.034266104300816856,
    "Precision": 0.9591836734693877,
    "Recall": 0.9791666666666666,
    "AUROC": 0.9965277777777778
}