{
    "Trained on Dataset": "duke_refined",
    "Dataset Size": 72,
    "AMD Ratio": 0.6666666666666666,
    "True Positives": 39.0,
    "False Positives": 0.0,
    "True Negatives": 24.0,
    "False Negatives": 9.0,
    "Validation Accuracy": 0.875,
    "Validation Loss": 0.36135853661431205,
    "Precision": 1.0,
    "Recall": 0.8125,
    "AUC": 0.982638888888889
}