{
    "Trained on Dataset": "duke_refined",
    "Dataset Size": 72,
    "AMD Ratio": 0.6666666666666666,
    "True Positives": 44.0,
    "False Positives": 1.0,
    "True Negatives": 23.0,
    "False Negatives": 4.0,
    "Validation Accuracy": 0.9305555555555556,
    "Validation Loss": 0.0999337633450826,
    "Precision": 0.9777777777777777,
    "Recall": 0.9166666666666666,
    "AUC": 0.9965277777777778
}