{
    "Trained on Dataset": "duke_refined",
    "Dataset Size": 72,
    "AMD Ratio": 0.6666666666666666,
    "True Positives": 53.0,
    "False Positives": 0.0,
    "True Negatives": 17.0,
    "False Negatives": 2.0,
    "Validation Accuracy": 0.9722222222222222,
    "Validation Loss": 0.09959714942508274,
    "Precision": 1.0,
    "Recall": 0.9636363636363636,
    "AUC": 1.0
}