{
    "Trained on Dataset": "duke_refined",
    "Dataset Size": 72,
    "AMD Ratio": 0.6666666666666666,
    "True Positives": 53.0,
    "False Positives": 1.0,
    "True Negatives": 18.0,
    "False Negatives": 0.0,
    "Validation Accuracy": 0.9861111111111112,
    "Validation Loss": 0.07341652446322972,
    "Precision": 0.9814814814814815,
    "Recall": 1.0,
    "AUC": 0.9960278053624628
}