{
    "Trained on Dataset": "duke_refined",
    "Dataset Size": 72,
    "AMD Ratio": 0.6666666666666666,
    "True Positives": 44.0,
    "False Positives": 0.0,
    "True Negatives": 24.0,
    "False Negatives": 4.0,
    "Validation Accuracy": 0.9444444444444444,
    "Validation Loss": 0.12549210919274223,
    "Precision": 1.0,
    "Recall": 0.9166666666666666,
    "AUC": 0.9956597222222222
}