{
    "Trained on Dataset": "duke_refined",
    "Dataset Size": 72,
    "AMD Ratio": 0.6666666666666666,
    "True Positives": 45.0,
    "False Positives": 3.0,
    "True Negatives": 21.0,
    "False Negatives": 3.0,
    "Validation Accuracy": 0.9166666666666666,
    "Validation Loss": 0.19705806838141549,
    "Precision": 0.9375,
    "Recall": 0.9375,
    "AUC": 0.9774305555555556
}