{
    "Trained on Dataset": "duke_refined",
    "Dataset Size": 72,
    "AMD Ratio": 0.6666666666666666,
    "True Positives": 50.0,
    "False Positives": 0.0,
    "True Negatives": 19.0,
    "False Negatives": 3.0,
    "Validation Accuracy": 0.9583333333333334,
    "Validation Loss": 0.07766730255550808,
    "Precision": 1.0,
    "Recall": 0.9433962264150944,
    "AUC": 1.0
}