{
    "Trained on Dataset": "duke_refined",
    "Dataset Size": 72,
    "AMD Ratio": 0.6666666666666666,
    "True Positives": 50.0,
    "False Positives": 6.0,
    "True Negatives": 16.0,
    "False Negatives": 0.0,
    "Validation Accuracy": 0.9166666666666666,
    "Validation Loss": 0.20145274533165825,
    "Precision": 0.8928571428571429,
    "Recall": 1.0,
    "AUC": 0.9990909090909091
}