{
    "Trained on Dataset": "duke_refined",
    "Dataset Size": 72,
    "AMD Ratio": 0.6666666666666666,
    "True Positives": 43.0,
    "False Positives": 1.0,
    "True Negatives": 26.0,
    "False Negatives": 2.0,
    "Validation Accuracy": 0.9583333333333334,
    "Validation Loss": 0.1020085612932841,
    "Precision": 0.9772727272727273,
    "Recall": 0.9555555555555556,
    "AUC": 0.9975308641975309
}