{
    "Trained on Dataset": "duke_refined",
    "Dataset Size": 72,
    "AMD Ratio": 0.6666666666666666,
    "True Positives": 54.0,
    "False Positives": 1.0,
    "True Negatives": 17.0,
    "False Negatives": 0.0,
    "Validation Accuracy": 0.9861111111111112,
    "Validation Loss": 0.06340929534700182,
    "Precision": 0.9818181818181818,
    "Recall": 1.0,
    "AUC": 1.0
}