{
    "Trained on Dataset": "duke_refined",
    "Dataset Size": 72,
    "AMD Ratio": 0.6666666666666666,
    "True Positives": 43.0,
    "False Positives": 9.0,
    "True Negatives": 20.0,
    "False Negatives": 0.0,
    "Validation Accuracy": 0.875,
    "Validation Loss": 0.2781932618882921,
    "Precision": 0.8269230769230769,
    "Recall": 1.0,
    "AUC": 0.9975942261427426
}