{
    "Trained on Dataset": "duke_refined",
    "Dataset Size": 72,
    "AMD Ratio": 0.6666666666666666,
    "True Positives": 48.0,
    "False Positives": 1.0,
    "True Negatives": 22.0,
    "False Negatives": 1.0,
    "Validation Accuracy": 0.9722222222222222,
    "Validation Loss": 0.1433569457795885,
    "Precision": 0.9795918367346939,
    "Recall": 0.9795918367346939,
    "AUC": 0.9893522626441881
}